<Configuration monitorInterval="30">
    <Appenders>
        <Console name="Console" target="SYSTEM_OUT">
            <PatternLayout pattern="%highlight{[%d{HH:mm:ss.SSS}] | %-5p | %-32.42t | %-32.42c{1} | %m%n}{FATAL=red blink, ERROR=red blink, WARN=yellow bold, INFO=white, DEBUG=green bold, TRACE=blue}"/>
        </Console>
        <File name="MyFile" fileName="logs.log">
            <PatternLayout>
                <Pattern>%d %p %c{1.} [%t] %m%n</Pattern>
            </PatternLayout>
        </File>
    </Appenders>
    <Loggers>
        <Root level="ALL">
            <AppenderRef ref="Console"/>
            <AppenderRef ref="MyFile"/>
        </Root>
    </Loggers>
</Configuration>
